{
"consejos":[
  {
    "Categoria":"Materiales",
    "Dificultad":"Facil",
    "Consejo":"Tener un trípode puede aportarte un montón deventajas, tanto para las fotografías de interior como para las de exterior."
  },
  {
    "Categoria":"Ajustes",
    "Dificultad":"Media",
    "Consejo":"Experimenta con los ajustes de la cámara, lee el manual de instrucciones para descifrar todos esos pequeños símbolos que tiene tu cámara."
  },
  {
    "Categoria":"Ajustes 2",
    "Dificultad":"Dificil",
    "Consejo":"La profundidad de campo se controla con los tres parámetros principales de una fotografía: diafragma, distancia al sujeto y distancia focal."
  }
]
}